<TargetMetadataExt EXT_NAME="ME$okvclusterstatus" EXT_VERSION="3" TARGET_TYPE="host"><Metric NAME="ME$okvclusterstatus" TYPE="TABLE">
<Display>
<Label NLSID="NLS_METRIC_hostME$okvclusterstatus">OKV Cluster Stat</Label>
<Description NLSID="NLS_DESCRIPTION_hostME$okvclusterstatus"> </Description>
</Display>
<TableDescriptor>
<ColumnDescriptor NAME="nodeName" TYPE="STRING" IS_KEY="TRUE">
<Display>
<Label NLSID="NLS_COLUMN_hostME$okvclusterstatusnodeName">nodeName</Label>
</Display>
</ColumnDescriptor>
<ColumnDescriptor NAME="nodeID" TYPE="NUMBER" IS_KEY="TRUE">
<Display>
<Label NLSID="NLS_COLUMN_hostME$okvclusterstatusnodeID">nodeID</Label>
</Display>
</ColumnDescriptor>
<ColumnDescriptor NAME="ipAddress" TYPE="STRING">
<Display>
<Label NLSID="NLS_COLUMN_hostME$okvclusterstatusipAddress">ipAddress</Label>
</Display>
</ColumnDescriptor>
<ColumnDescriptor NAME="mode" TYPE="STRING">
<Display>
<Label NLSID="NLS_COLUMN_hostME$okvclusterstatusmode">mode</Label>
</Display>
</ColumnDescriptor>
<ColumnDescriptor NAME="status" TYPE="STRING">
<Display>
<Label NLSID="NLS_COLUMN_hostME$okvclusterstatusstatus">status</Label>
</Display>
</ColumnDescriptor>
<ColumnDescriptor NAME="readWritePeer" TYPE="STRING">
<Display>
<Label NLSID="NLS_COLUMN_hostME$okvclusterstatusreadWritePeer">readWritePeer</Label>
</Display>
</ColumnDescriptor>
<ColumnDescriptor NAME="clusterSubgroup" TYPE="STRING">
<Display>
<Label NLSID="NLS_COLUMN_hostME$okvclusterstatusclusterSubgroup">clusterSubgroup</Label>
</Display>
</ColumnDescriptor>
<ColumnDescriptor NAME="joinDate" TYPE="STRING">
<Display>
<Label NLSID="NLS_COLUMN_hostME$okvclusterstatusjoinDate">joinDate</Label>
</Display>
</ColumnDescriptor>
<ColumnDescriptor NAME="disableDate" TYPE="STRING">
<Display>
<Label NLSID="NLS_COLUMN_hostME$okvclusterstatusdisableDate">disableDate</Label>
</Display>
</ColumnDescriptor>
<ColumnDescriptor NAME="version" TYPE="STRING">
<Display>
<Label NLSID="NLS_COLUMN_hostME$okvclusterstatusversion">version</Label>
</Display>
</ColumnDescriptor>
</TableDescriptor>
<QueryDescriptor FETCHLET_ID="OSLineToken">
<Property NAME="command" SCOPE="GLOBAL">python3</Property>
<Property NAME="script" SCOPE="GLOBAL" OPTIONAL="TRUE">/home/oracle/okvmonitoring/okvclusterstats.py</Property>
<Property NAME="scriptLoc" SCOPE="GLOBAL" OPTIONAL="TRUE">%scriptsDir%</Property>
<Property NAME="args" SCOPE="GLOBAL" OPTIONAL="TRUE">okvmonitoring</Property>
<Property NAME="delimiter" SCOPE="GLOBAL" OPTIONAL="TRUE">,</Property>
<Property NAME="ENVEM_TARGET_NAME" SCOPE="INSTANCE" OPTIONAL="TRUE">NAME</Property>
<CredentialRef NAME="OSCreds">RemoteMonitoringCreds</CredentialRef>
</QueryDescriptor>
</Metric>
</TargetMetadataExt>