<TargetMetadataExt EXT_NAME="ME$okvcerts" EXT_VERSION="1" TARGET_TYPE="host"><Metric NAME="ME$okvcerts" TYPE="TABLE">
<Display>
<Label NLSID="NLS_METRIC_hostME$okvcerts">OKV certificates</Label>
<Description NLSID="NLS_DESCRIPTION_hostME$okvcerts"> </Description>
</Display>
<TableDescriptor>
<ColumnDescriptor NAME="nodeName" TYPE="STRING" IS_KEY="TRUE">
<Display>
<Label NLSID="NLS_COLUMN_hostME$okvcertsnodeName">Node Name</Label>
</Display>
</ColumnDescriptor>
<ColumnDescriptor NAME="cadaysremaining" TYPE="NUMBER">
<Display>
<Label NLSID="NLS_COLUMN_hostME$okvcertscadaysremaining">CA days remaining</Label>
</Display>
</ColumnDescriptor>
<ColumnDescriptor NAME="platformdaysremaining" TYPE="NUMBER">
<Display>
<Label NLSID="NLS_COLUMN_hostME$okvcertsplatformdaysremaining">Platform Certificate days remaining</Label>
</Display>
</ColumnDescriptor>
<ColumnDescriptor NAME="servercertdaysremaining" TYPE="NUMBER">
<Display>
<Label NLSID="NLS_COLUMN_hostME$okvcertsservercertdaysremaining">Server Certificate Days remaining</Label>
</Display>
</ColumnDescriptor>
</TableDescriptor>
<QueryDescriptor FETCHLET_ID="OSLineToken">
<Property NAME="command" SCOPE="GLOBAL">python3</Property>
<Property NAME="script" SCOPE="GLOBAL" OPTIONAL="TRUE">/home/oracle/okvmonitoring/okvcerts.py</Property>
<Property NAME="scriptLoc" SCOPE="GLOBAL" OPTIONAL="TRUE">%scriptsDir%</Property>
<Property NAME="args" SCOPE="GLOBAL" OPTIONAL="TRUE">okvmonitoring</Property>
<Property NAME="delimiter" SCOPE="GLOBAL" OPTIONAL="TRUE">,</Property>
<Property NAME="ENVEM_TARGET_NAME" SCOPE="INSTANCE" OPTIONAL="TRUE">NAME</Property>
<CredentialRef NAME="OSCreds">RemoteMonitoringCreds</CredentialRef>
</QueryDescriptor>
</Metric>
</TargetMetadataExt>