<TargetCollectionExt EXT_NAME="ME$okvbackupstatus" EXT_VERSION="3" TARGET_TYPE="host"><CollectionItem NAME="ME$okvbackupstatus" UPLOAD="YES">
	<Schedule>
		<IntervalSchedule INTERVAL="15" TIME_UNIT="Min"/>
	</Schedule>
	<MetricColl NAME="ME$okvbackupstatus">
		<Condition COLUMN_NAME="backupStatus" WARNING="No successful backup done" OPERATOR="MATCH" OCCURRENCES="1" MESSAGE="The value of %columnName% for %keyValue% is %value%" MESSAGE_NLSID="EMAGENT_DEFAULT_MESSAGE_WITH_KEY" CLEAR_MESSAGE="Alert for %columnName% for %keyValue% is cleared" CLEAR_MESSAGE_NLSID="EMAGENT_DEFAULT_NO_ROW_CLEAR_MESSAGE_WITH_KEY"/>
	</MetricColl>
</CollectionItem>
</TargetCollectionExt>