<TargetMetadataExt EXT_NAME="ME$okvbackupstatus" EXT_VERSION="3" TARGET_TYPE="host"><Metric NAME="ME$okvbackupstatus" TYPE="TABLE">
<Display>
<Label NLSID="NLS_METRIC_hostME$okvbackupstatus">OKV backup status</Label>
<Description NLSID="NLS_DESCRIPTION_hostME$okvbackupstatus"> </Description>
</Display>
<TableDescriptor>
<ColumnDescriptor NAME="nodeName" TYPE="STRING" IS_KEY="TRUE">
<Display>
<Label NLSID="NLS_COLUMN_hostME$okvbackupstatusnodeName">nodeName</Label>
</Display>
</ColumnDescriptor>
<ColumnDescriptor NAME="backupStatus" TYPE="STRING">
<Display>
<Label NLSID="NLS_COLUMN_hostME$okvbackupstatusbackupStatus">Backup Status</Label>
</Display>
</ColumnDescriptor>
</TableDescriptor>
<QueryDescriptor FETCHLET_ID="OSLineToken">
<Property NAME="command" SCOPE="GLOBAL">python3</Property>
<Property NAME="script" SCOPE="GLOBAL" OPTIONAL="TRUE">/home/oracle/okvmonitoring/okvbackupstat.py</Property>
<Property NAME="scriptLoc" SCOPE="GLOBAL" OPTIONAL="TRUE">%scriptsDir%</Property>
<Property NAME="args" SCOPE="GLOBAL" OPTIONAL="TRUE">okvmonitoring</Property>
<Property NAME="delimiter" SCOPE="GLOBAL" OPTIONAL="TRUE">,</Property>
<Property NAME="ENVEM_TARGET_NAME" SCOPE="INSTANCE" OPTIONAL="TRUE">NAME</Property>
<CredentialRef NAME="OSCreds">RemoteMonitoringCreds</CredentialRef>
</QueryDescriptor>
</Metric>
</TargetMetadataExt>