<TargetMetadataExt EXT_NAME="ME$okvservices" EXT_VERSION="6" TARGET_TYPE="host"><Metric NAME="ME$okvservices" TYPE="TABLE">
<Display>
<Label NLSID="NLS_METRIC_hostME$okvservices">OKV services status</Label>
<Description NLSID="NLS_DESCRIPTION_hostME$okvservices"> </Description>
</Display>
<TableDescriptor>
<ColumnDescriptor NAME="nodeName" TYPE="STRING" IS_KEY="TRUE">
<Display>
<Label NLSID="NLS_COLUMN_hostME$okvservicesnodeName">nodeName</Label>
</Display>
</ColumnDescriptor>
<ColumnDescriptor NAME="RESTfulService" TYPE="STRING">
<Display>
<Label NLSID="NLS_COLUMN_hostME$okvservicesRESTfulService">RESTfulService</Label>
</Display>
</ColumnDescriptor>
<ColumnDescriptor NAME="emailService" TYPE="STRING">
<Display>
<Label NLSID="NLS_COLUMN_hostME$okvservicesemailService">emailService</Label>
</Display>
</ColumnDescriptor>
<ColumnDescriptor NAME="KMIPService" TYPE="STRING">
<Display>
<Label NLSID="NLS_COLUMN_hostME$okvservicesKMIPService">KMIPService</Label>
</Display>
</ColumnDescriptor>
<ColumnDescriptor NAME="storageDB" TYPE="STRING">
<Display>
<Label NLSID="NLS_COLUMN_hostME$okvservicesstorageDB">storageDB</Label>
</Display>
</ColumnDescriptor>
<ColumnDescriptor NAME="auditVaultAgentMonitor" TYPE="STRING">
<Display>
<Label NLSID="NLS_COLUMN_hostME$okvservicesauditVaultAgentMonitor">auditVaultAgentMonitor</Label>
</Display>
</ColumnDescriptor>
<ColumnDescriptor NAME="clusterService" TYPE="STRING">
<Display>
<Label NLSID="NLS_COLUMN_hostME$okvservicesclusterService">clusterService</Label>
</Display>
</ColumnDescriptor>
</TableDescriptor>
<QueryDescriptor FETCHLET_ID="OSLineToken">
<Property NAME="command" SCOPE="GLOBAL">python3</Property>
<Property NAME="script" SCOPE="GLOBAL" OPTIONAL="TRUE">/home/oracle/okvmonitoring/okvservices.py</Property>
<Property NAME="scriptLoc" SCOPE="GLOBAL" OPTIONAL="TRUE">%scriptsDir%</Property>
<Property NAME="args" SCOPE="GLOBAL" OPTIONAL="TRUE">okvmonitoring</Property>
<Property NAME="delimiter" SCOPE="GLOBAL" OPTIONAL="TRUE">,</Property>
<Property NAME="ENVEM_TARGET_NAME" SCOPE="INSTANCE" OPTIONAL="TRUE">NAME</Property>
<CredentialRef NAME="OSCreds">RemoteMonitoringCreds</CredentialRef>
</QueryDescriptor>
</Metric>
</TargetMetadataExt>