<TargetCollectionExt EXT_NAME="ME$okvservices" EXT_VERSION="6" TARGET_TYPE="host"><CollectionItem NAME="ME$okvservices" UPLOAD="YES">
	<Schedule>
		<IntervalSchedule INTERVAL="15" TIME_UNIT="Min"/>
	</Schedule>
	<MetricColl NAME="ME$okvservices">
		<Condition COLUMN_NAME="RESTfulService" CRITICAL="Up" OPERATOR="NE" OCCURRENCES="1" MESSAGE="The value of %columnName% for %keyValue% is %value%" MESSAGE_NLSID="EMAGENT_DEFAULT_MESSAGE_WITH_KEY" CLEAR_MESSAGE="Alert for %columnName% for %keyValue% is cleared" CLEAR_MESSAGE_NLSID="EMAGENT_DEFAULT_NO_ROW_CLEAR_MESSAGE_WITH_KEY"/>
		<Condition COLUMN_NAME="emailService" CRITICAL="Up" OPERATOR="NE" OCCURRENCES="1" MESSAGE="The value of %columnName% for %keyValue% is %value%" MESSAGE_NLSID="EMAGENT_DEFAULT_MESSAGE_WITH_KEY" CLEAR_MESSAGE="Alert for %columnName% for %keyValue% is cleared" CLEAR_MESSAGE_NLSID="EMAGENT_DEFAULT_NO_ROW_CLEAR_MESSAGE_WITH_KEY"/>
		<Condition COLUMN_NAME="KMIPService" CRITICAL="Up" OPERATOR="NE" OCCURRENCES="1" MESSAGE="The value of %columnName% for %keyValue% is %value%" MESSAGE_NLSID="EMAGENT_DEFAULT_MESSAGE_WITH_KEY" CLEAR_MESSAGE="Alert for %columnName% for %keyValue% is cleared" CLEAR_MESSAGE_NLSID="EMAGENT_DEFAULT_NO_ROW_CLEAR_MESSAGE_WITH_KEY"/>
		<Condition COLUMN_NAME="storageDB" CRITICAL="Up" OPERATOR="NE" OCCURRENCES="1" MESSAGE="The value of %columnName% for %keyValue% is %value%" MESSAGE_NLSID="EMAGENT_DEFAULT_MESSAGE_WITH_KEY" CLEAR_MESSAGE="Alert for %columnName% for %keyValue% is cleared" CLEAR_MESSAGE_NLSID="EMAGENT_DEFAULT_NO_ROW_CLEAR_MESSAGE_WITH_KEY"/>
		<Condition COLUMN_NAME="auditVaultAgentMonitor" OPERATOR="NE" OCCURRENCES="1" MESSAGE="The value of %columnName% for %keyValue% is %value%" MESSAGE_NLSID="EMAGENT_DEFAULT_MESSAGE_WITH_KEY" CLEAR_MESSAGE="Alert for %columnName% for %keyValue% is cleared" CLEAR_MESSAGE_NLSID="EMAGENT_DEFAULT_NO_ROW_CLEAR_MESSAGE_WITH_KEY"/>
		<Condition COLUMN_NAME="clusterService" CRITICAL="Up" OPERATOR="NE" OCCURRENCES="1" MESSAGE="The value of %columnName% for %keyValue% is %value%" MESSAGE_NLSID="EMAGENT_DEFAULT_MESSAGE_WITH_KEY" CLEAR_MESSAGE="Alert for %columnName% for %keyValue% is cleared" CLEAR_MESSAGE_NLSID="EMAGENT_DEFAULT_NO_ROW_CLEAR_MESSAGE_WITH_KEY"/>
	</MetricColl>
</CollectionItem>
</TargetCollectionExt>