<TargetMetadataExt EXT_NAME="ME$okvcpu" EXT_VERSION="3" TARGET_TYPE="host"><Metric NAME="ME$okvcpu" TYPE="TABLE">
<Display>
<Label NLSID="NLS_METRIC_hostME$okvcpu">OKV CPU stats</Label>
<Description NLSID="NLS_DESCRIPTION_hostME$okvcpu"> </Description>
</Display>
<TableDescriptor>
<ColumnDescriptor NAME="NodeName" TYPE="STRING" IS_KEY="TRUE">
<Display>
<Label NLSID="NLS_COLUMN_hostME$okvcpuNodeName">NodeName</Label>
</Display>
</ColumnDescriptor>
<ColumnDescriptor NAME="usagePercentage" TYPE="NUMBER">
<Display>
<Label NLSID="NLS_COLUMN_hostME$okvcpuusagePercentage">usagePercentage</Label>
<Unit NLSID="mext_unit_nlsid_PERCENTAGE">PERCENTAGE</Unit>
<UnitCategory>PERCENTAGE</UnitCategory>
</Display>
<CategoryValue CLASS="Default" CATEGORY_NAME="Utilization">
</CategoryValue>
</ColumnDescriptor>
<ColumnDescriptor NAME="cpuCores" TYPE="NUMBER">
<Display>
<Label NLSID="NLS_COLUMN_hostME$okvcpucpuCores">cpuCores</Label>
</Display>
</ColumnDescriptor>
<ColumnDescriptor NAME="Delta_usagePercentage" TYPE="NUMBER" COMPUTE_EXPR="usagePercentage - _usagePercentage">
<Display>
<Label NLSID="NLS_COLUMN_hostME$okvcpuDelta_usagePercentage">Delta_usagePercentage</Label>
<Unit NLSID="mext_unit_nlsid_PERCENTAGE">PERCENTAGE</Unit>
<UnitCategory>PERCENTAGE</UnitCategory>
</Display>
</ColumnDescriptor>
</TableDescriptor>
<QueryDescriptor FETCHLET_ID="OSLineToken">
<Property NAME="command" SCOPE="GLOBAL">python3</Property>
<Property NAME="script" SCOPE="GLOBAL" OPTIONAL="TRUE">/home/oracle/okvmonitoring/okvcpu.py</Property>
<Property NAME="scriptLoc" SCOPE="GLOBAL" OPTIONAL="TRUE">%scriptsDir%</Property>
<Property NAME="args" SCOPE="GLOBAL" OPTIONAL="TRUE">okvmonitoring</Property>
<Property NAME="delimiter" SCOPE="GLOBAL" OPTIONAL="TRUE">,</Property>
<Property NAME="ENVEM_TARGET_NAME" SCOPE="INSTANCE" OPTIONAL="TRUE">NAME</Property>
<CredentialRef NAME="OSCreds">RemoteMonitoringCreds</CredentialRef>
</QueryDescriptor>
</Metric>
</TargetMetadataExt>