<TargetCollectionExt EXT_NAME="ME$okvcerts" EXT_VERSION="1" TARGET_TYPE="host"><CollectionItem NAME="ME$okvcerts" UPLOAD="YES">
	<Schedule>
		<IntervalSchedule INTERVAL="2" TIME_UNIT="Min"/>
	</Schedule>
	<MetricColl NAME="ME$okvcerts">
		<Condition COLUMN_NAME="cadaysremaining" CRITICAL="14" WARNING="30" OPERATOR="LT" OCCURRENCES="1" MESSAGE="The value of %columnName% for %keyValue% is %value%" MESSAGE_NLSID="EMAGENT_DEFAULT_MESSAGE_WITH_KEY" CLEAR_MESSAGE="Alert for %columnName% for %keyValue% is cleared" CLEAR_MESSAGE_NLSID="EMAGENT_DEFAULT_NO_ROW_CLEAR_MESSAGE_WITH_KEY"/>
		<Condition COLUMN_NAME="platformdaysremaining" CRITICAL="14" WARNING="30" OPERATOR="LT" OCCURRENCES="1" MESSAGE="The value of %columnName% for %keyValue% is %value%" MESSAGE_NLSID="EMAGENT_DEFAULT_MESSAGE_WITH_KEY" CLEAR_MESSAGE="Alert for %columnName% for %keyValue% is cleared" CLEAR_MESSAGE_NLSID="EMAGENT_DEFAULT_NO_ROW_CLEAR_MESSAGE_WITH_KEY"/>
		<Condition COLUMN_NAME="servercertdaysremaining" CRITICAL="14" WARNING="30" OPERATOR="LT" OCCURRENCES="1" MESSAGE="The value of %columnName% for %keyValue% is %value%" MESSAGE_NLSID="EMAGENT_DEFAULT_MESSAGE_WITH_KEY" CLEAR_MESSAGE="Alert for %columnName% for %keyValue% is cleared" CLEAR_MESSAGE_NLSID="EMAGENT_DEFAULT_NO_ROW_CLEAR_MESSAGE_WITH_KEY"/>
	</MetricColl>
</CollectionItem>
</TargetCollectionExt>