<TargetMetadataExt EXT_NAME="ME$okvdisk" EXT_VERSION="4" TARGET_TYPE="host"><Metric NAME="ME$okvdisk" TYPE="TABLE">
<Display>
<Label NLSID="NLS_METRIC_hostME$okvdisk">OKV Disk stats</Label>
<Description NLSID="NLS_DESCRIPTION_hostME$okvdisk"> </Description>
</Display>
<TableDescriptor>
<ColumnDescriptor NAME="NodeName" TYPE="STRING" IS_KEY="TRUE">
<Display>
<Label NLSID="NLS_COLUMN_hostME$okvdiskNodeName">NodeName</Label>
</Display>
</ColumnDescriptor>
<ColumnDescriptor NAME="usagePercentage" TYPE="NUMBER">
<Display>
<Label NLSID="NLS_COLUMN_hostME$okvdiskusagePercentage">usagePercentage</Label>
<Unit NLSID="mext_unit_nlsid_PERCENTAGE">PERCENTAGE</Unit>
<UnitCategory>PERCENTAGE</UnitCategory>
</Display>
<CategoryValue CLASS="Default" CATEGORY_NAME="Utilization">
</CategoryValue>
</ColumnDescriptor>
<ColumnDescriptor NAME="usedInGB" TYPE="NUMBER">
<Display>
<Label NLSID="NLS_COLUMN_hostME$okvdiskusedInGB">usedInGB</Label>
</Display>
</ColumnDescriptor>
<ColumnDescriptor NAME="totalInGB" TYPE="NUMBER">
<Display>
<Label NLSID="NLS_COLUMN_hostME$okvdisktotalInGB">totalInGB</Label>
</Display>
</ColumnDescriptor>
</TableDescriptor>
<QueryDescriptor FETCHLET_ID="OSLineToken">
<Property NAME="command" SCOPE="GLOBAL">python3</Property>
<Property NAME="script" SCOPE="GLOBAL" OPTIONAL="TRUE">/home/oracle/okvmonitoring/okvdisk.py</Property>
<Property NAME="scriptLoc" SCOPE="GLOBAL" OPTIONAL="TRUE">%scriptsDir%</Property>
<Property NAME="args" SCOPE="GLOBAL" OPTIONAL="TRUE">okvmonitoring</Property>
<Property NAME="delimiter" SCOPE="GLOBAL" OPTIONAL="TRUE">,</Property>
<Property NAME="ENVEM_TARGET_NAME" SCOPE="INSTANCE" OPTIONAL="TRUE">NAME</Property>
<CredentialRef NAME="OSCreds">RemoteMonitoringCreds</CredentialRef>
</QueryDescriptor>
</Metric>
</TargetMetadataExt>